-- MySQL dump 10.13  Distrib 5.1.58, for mandriva-linux-gnu (x86_64)
--
-- Host: localhost    Database: exp
-- ------------------------------------------------------
-- Server version	5.1.58

/*!40101 SET @OLD_CHARACTER_SET_CLIENT=@@CHARACTER_SET_CLIENT */;
/*!40101 SET @OLD_CHARACTER_SET_RESULTS=@@CHARACTER_SET_RESULTS */;
/*!40101 SET @OLD_COLLATION_CONNECTION=@@COLLATION_CONNECTION */;
/*!40101 SET NAMES utf8 */;
/*!40103 SET @OLD_TIME_ZONE=@@TIME_ZONE */;
/*!40103 SET TIME_ZONE='+00:00' */;
/*!40014 SET @OLD_UNIQUE_CHECKS=@@UNIQUE_CHECKS, UNIQUE_CHECKS=0 */;
/*!40014 SET @OLD_FOREIGN_KEY_CHECKS=@@FOREIGN_KEY_CHECKS, FOREIGN_KEY_CHECKS=0 */;
/*!40101 SET @OLD_SQL_MODE=@@SQL_MODE, SQL_MODE='NO_AUTO_VALUE_ON_ZERO' */;
/*!40111 SET @OLD_SQL_NOTES=@@SQL_NOTES, SQL_NOTES=0 */;

--
-- Table structure for table `exercise`
--
use exp;

DROP TABLE IF EXISTS `exercise`;
/*!40101 SET @saved_cs_client     = @@character_set_client */;
/*!40101 SET character_set_client = utf8 */;
CREATE TABLE `exercise` (
  `exercise_id` int(11) NOT NULL AUTO_INCREMENT,
  `workout_id` int(11) NOT NULL,
  `ex_num` int(3) DEFAULT NULL,
  `ex_name` int(11) NOT NULL,
  PRIMARY KEY (`exercise_id`),
  UNIQUE KEY `unique` (`ex_num`,`workout_id`),
  KEY `workout` (`workout_id`),
  CONSTRAINT `workout` FOREIGN KEY (`workout_id`) REFERENCES `workout` (`workout_id`) ON DELETE CASCADE ON UPDATE CASCADE
) ENGINE=InnoDB AUTO_INCREMENT=576 DEFAULT CHARSET=latin1;
/*!40101 SET character_set_client = @saved_cs_client */;

--
-- Dumping data for table `exercise`
--

LOCK TABLES `exercise` WRITE;
/*!40000 ALTER TABLE `exercise` DISABLE KEYS */;
INSERT INTO `exercise` VALUES (3,3,1,1),(4,3,2,2),(5,4,1,3),(6,4,2,4),(7,4,3,5),(8,5,1,6),(9,5,2,7),(10,6,1,8),(11,7,1,9),(12,7,2,10),(13,7,3,11),(14,7,4,12),(15,8,1,13),(16,8,2,14),(17,8,3,15),(18,8,4,16),(19,9,1,12),(20,9,2,17),(21,9,3,8),(22,10,1,29),(23,10,2,19),(24,10,3,20),(25,11,1,21),(26,11,2,22),(27,11,3,9),(28,12,1,23),(29,12,2,24),(30,12,3,21),(31,13,1,25),(32,14,1,26),(33,14,2,27),(34,16,1,28),(35,16,2,2),(36,15,1,3),(37,15,2,11),(38,17,1,21),(39,17,2,12),(40,18,1,29),(41,18,2,7),(42,18,3,10),(43,19,1,26),(44,19,2,9),(45,20,1,30),(46,20,2,31),(47,20,3,32),(48,20,4,33),(49,21,1,21),(50,21,2,22),(51,22,1,34),(52,23,1,29),(53,23,2,8),(54,23,3,35),(55,23,4,36),(56,23,5,3),(57,23,6,9),(58,23,7,37),(59,24,1,29),(60,24,2,26),(61,24,3,4),(62,24,4,8),(63,24,5,2),(64,24,6,22),(65,24,7,9),(66,25,1,38),(67,26,1,28),(68,27,1,39),(69,28,1,23),(70,28,2,29),(71,28,3,24),(72,28,4,21),(73,29,1,9),(74,29,2,10),(75,29,3,12),(76,30,1,6),(77,30,2,9),(78,30,3,3),(79,31,1,19),(80,31,2,6),(81,32,1,8),(82,33,1,21),(83,33,2,40),(84,34,1,24),(85,34,2,7),(86,35,1,21),(87,35,2,36),(88,36,1,38),(89,37,1,23),(90,37,2,11),(91,37,3,41),(92,37,4,29),(93,38,1,21),(94,38,2,42),(95,38,3,10),(96,39,1,43),(97,39,2,2),(98,40,1,38),(99,41,1,44),(100,41,2,45),(101,42,1,46),(102,42,2,47),(103,42,3,9),(104,43,1,3),(105,43,2,48),(106,43,3,22),(107,44,1,8),(108,44,2,49),(109,45,1,9),(110,45,2,7),(111,45,3,11),(112,45,4,12),(113,46,1,9),(114,46,2,36),(115,46,3,50),(116,47,1,3),(117,47,2,36),(118,48,1,24),(119,49,1,51),(120,49,2,48),(121,50,1,34),(122,50,2,52),(123,50,3,22),(124,51,1,53),(125,51,2,9),(126,51,3,11),(127,52,1,9),(128,53,1,54),(129,54,1,55),(130,54,2,20),(131,54,3,55),(132,55,1,26),(133,55,2,54),(134,56,1,8),(135,57,1,38),(136,57,2,6),(137,58,1,23),(138,58,2,19),(139,59,1,54),(140,59,2,22),(141,59,3,9),(142,60,1,34),(143,60,2,8),(144,60,3,28),(145,61,1,9),(146,61,2,12),(147,61,3,11),(148,61,4,10),(149,62,1,24),(150,62,2,49),(151,63,1,39),(152,64,1,54),(153,65,1,8),(154,65,2,48),(155,65,3,9),(156,66,1,54),(157,66,2,2),(158,67,1,56),(159,67,2,57),(160,68,1,3),(161,68,2,36),(162,69,1,39),(163,69,2,25),(164,69,3,19),(165,69,4,9),(166,69,5,3),(167,70,1,54),(168,70,2,48),(169,70,3,31),(170,70,4,8),(171,71,1,23),(172,71,2,38),(173,71,3,52),(174,71,4,45),(175,72,1,34),(176,72,2,58),(177,72,3,2),(178,72,4,58),(179,73,1,59),(180,73,2,3),(181,74,1,26),(182,74,2,49),(183,75,1,3),(184,75,2,45),(185,76,1,54),(186,77,1,36),(187,77,2,60),(188,78,1,53),(189,78,2,53),(190,79,1,46),(191,80,1,61),(192,80,2,7),(193,80,3,12),(194,81,1,2),(195,81,2,48),(196,81,3,52),(197,82,1,62),(198,82,2,12),(199,82,3,11),(200,82,4,10),(201,82,5,9),(202,83,1,38),(203,83,2,49),(204,84,1,63),(205,84,2,64),(206,85,1,47),(207,85,2,29),(208,86,1,34),(209,87,1,54),(210,88,1,26),(211,88,2,1),(212,88,3,63),(213,89,1,53),(214,90,1,26),(215,90,2,9),(216,91,1,54),(217,91,2,6),(218,91,3,11),(219,91,4,48),(220,92,1,54),(221,92,2,65),(222,92,3,2),(223,93,1,47),(224,93,2,10),(225,93,3,54),(226,94,1,29),(227,94,2,26),(228,94,3,4),(229,94,4,8),(230,94,5,2),(231,94,6,22),(232,94,7,9),(233,95,1,54),(234,95,2,48),(235,95,3,36),(236,96,1,38),(237,97,1,26),(238,97,2,46),(239,98,1,54),(240,98,2,31),(241,98,3,45),(242,99,1,54),(243,100,1,53),(244,100,2,9),(245,100,3,48),(246,100,4,3),(247,100,5,7),(248,100,6,4),(249,100,7,22),(250,100,8,11),(251,100,9,65),(252,100,10,31),(253,100,11,36),(254,100,12,61),(255,101,1,8),(256,101,2,49),(257,102,1,36),(258,102,2,63),(259,102,3,48),(260,102,4,17),(261,102,5,54),(262,103,1,8),(263,103,2,10),(264,104,1,28),(265,104,2,19),(266,105,1,57),(267,105,2,7),(268,105,3,2),(269,106,1,17),(270,106,2,22),(271,106,3,48),(272,107,1,54),(273,108,1,34),(274,108,2,9),(275,109,1,55),(276,109,2,9),(277,110,1,6),(278,111,1,19),(279,111,2,9),(280,111,3,3),(281,112,1,60),(282,112,2,36),(283,113,1,36),(284,113,2,23),(285,114,1,1),(286,114,2,2),(287,115,1,34),(288,115,2,28),(289,115,3,8),(290,116,1,20),(291,116,2,4),(292,116,3,2),(293,116,4,54),(294,117,1,54),(295,117,2,29),(296,117,3,6),(297,117,4,9),(298,118,1,2),(299,118,2,11),(300,118,3,22),(301,118,4,9),(302,118,5,49),(303,119,1,54),(304,120,1,36),(305,120,2,9),(306,121,1,8),(307,121,2,38),(308,122,1,25),(309,122,2,9),(310,122,3,10),(311,122,4,12),(312,123,1,60),(313,123,2,7),(314,123,3,4),(315,124,1,54),(316,125,1,36),(317,125,2,45),(318,125,3,31),(319,127,1,66),(320,129,1,9),(321,129,2,10),(322,129,3,11),(323,129,4,12),(324,130,1,60),(325,131,1,22),(326,131,2,36),(327,131,3,9),(328,132,1,8),(329,132,2,54),(330,132,3,22),(331,132,4,38),(332,132,5,2),(333,132,6,9),(334,132,7,48),(335,132,8,65),(336,133,1,38),(337,133,2,6),(338,133,3,34),(339,134,1,8),(340,134,2,54),(341,135,1,38),(342,135,2,54),(343,136,1,8),(344,136,2,54),(345,137,1,24),(346,137,2,7),(347,138,1,67),(348,139,1,1),(349,140,1,29),(350,140,2,8),(351,140,3,9),(352,140,4,3),(353,141,1,54),(354,142,1,2),(355,142,2,34),(356,143,1,39),(357,143,2,10),(358,144,1,54),(359,144,2,26),(360,144,3,9),(361,145,1,54),(362,145,2,22),(363,145,3,9),(364,146,1,54),(365,146,2,26),(366,147,1,8),(367,147,2,7),(368,147,3,49),(369,148,1,54),(370,149,1,19),(371,150,1,8),(372,151,1,38),(373,152,1,54),(374,152,2,9),(375,152,3,12),(376,152,4,9),(377,153,1,48),(378,153,2,9),(379,153,3,22),(380,153,4,53),(381,153,5,4),(382,153,6,17),(383,153,7,31),(384,153,8,2),(385,153,9,3),(386,154,1,40),(387,154,2,9),(388,155,1,8),(389,155,2,45),(390,156,1,22),(391,156,2,48),(392,156,3,54),(393,156,4,2),(394,157,1,28),(395,157,2,17),(396,157,3,64),(397,158,1,9),(398,158,2,7),(399,158,3,38),(400,159,1,29),(401,159,2,8),(402,159,3,48),(403,159,4,9),(404,159,5,17),(405,159,6,3),(406,159,7,54),(407,160,1,39),(408,161,1,34),(409,162,1,3),(410,162,2,38),(411,162,3,9),(412,162,4,54),(413,163,1,68),(414,164,1,6),(415,164,2,20),(416,165,1,7),(417,165,2,29),(418,165,3,22),(419,166,1,17),(420,166,2,22),(421,166,3,48),(422,167,1,54),(423,167,2,38),(424,167,3,9),(425,168,1,6),(426,169,1,26),(427,169,2,9),(428,170,1,8),(429,170,2,69),(430,170,3,22),(431,170,4,54),(432,171,1,70),(433,171,2,52),(434,172,1,45),(435,171,3,48),(436,172,2,64),(437,173,2,10),(438,173,1,54),(439,174,1,53),(440,175,2,7),(441,175,1,19),(442,176,3,40),(443,176,2,49),(444,176,1,54),(445,177,3,71),(446,177,2,2),(447,177,1,54),(448,178,2,3),(449,178,1,8),(450,179,1,60),(451,180,1,54),(452,181,2,12),(453,181,1,23),(454,182,1,24),(455,183,6,31),(456,183,5,54),(457,183,4,72),(458,183,3,11),(459,183,2,22),(460,183,1,48),(461,184,2,54),(462,184,1,8),(463,185,2,9),(464,185,1,26),(465,186,1,38),(466,187,1,54),(467,188,2,7),(468,188,1,19),(469,189,3,48),(470,189,2,24),(471,189,1,22),(472,190,1,73),(473,191,1,25),(474,192,4,74),(475,192,3,75),(476,192,2,72),(477,192,1,76),(478,193,2,2),(479,193,1,5),(480,194,3,9),(481,194,2,12),(482,194,1,29),(483,195,1,8),(484,196,2,55),(485,196,1,54),(486,197,1,34),(487,198,2,38),(488,198,1,63),(489,199,4,54),(490,199,3,9),(491,199,2,2),(492,199,1,23),(493,200,1,67),(494,201,3,29),(495,201,2,60),(496,201,1,54),(497,202,1,28),(498,203,2,77),(499,203,1,34),(500,204,3,53),(501,204,2,8),(502,204,1,23),(503,205,1,9),(504,206,1,54),(505,207,3,31),(506,207,2,11),(507,207,1,54),(508,208,2,6),(509,208,1,40),(510,209,1,64),(511,210,2,9),(512,210,1,36),(513,211,3,34),(514,211,2,6),(515,211,1,38),(516,212,4,9),(517,212,3,57),(518,212,2,10),(519,212,1,20),(520,213,2,7),(521,213,1,6),(522,214,2,38),(523,214,1,8),(524,215,5,29),(525,215,4,9),(526,215,3,22),(527,215,2,11),(528,215,1,2),(529,216,3,7),(530,216,2,9),(531,216,1,12),(532,217,1,26),(533,218,3,48),(534,218,2,10),(535,218,1,8),(536,219,2,29),(537,219,1,8),(538,220,2,34),(539,220,1,54),(540,221,2,25),(541,221,1,54),(542,222,3,11),(543,222,2,31),(544,222,1,54),(545,223,3,10),(546,223,2,7),(547,223,1,29),(548,224,1,66),(549,225,1,54),(550,226,1,28),(551,227,3,23),(552,227,2,38),(553,227,1,2),(554,228,2,9),(555,228,1,40),(556,229,4,9),(557,229,3,64),(558,229,2,6),(559,229,1,24),(560,230,5,31),(561,230,4,12),(562,230,3,11),(563,230,2,10),(564,230,1,54),(565,231,1,54),(566,232,1,60),(567,233,3,36),(568,233,2,52),(569,233,1,24),(570,234,1,8),(571,235,2,9),(572,235,1,26),(573,236,3,29),(574,236,2,54),(575,236,1,9);
/*!40000 ALTER TABLE `exercise` ENABLE KEYS */;
UNLOCK TABLES;

--
-- Table structure for table `exercises`
--

DROP TABLE IF EXISTS `exercises`;
/*!40101 SET @saved_cs_client     = @@character_set_client */;
/*!40101 SET character_set_client = utf8 */;
CREATE TABLE `exercises` (
  `id` int(11) NOT NULL AUTO_INCREMENT,
  `name` varchar(40) COLLATE utf8_unicode_ci DEFAULT NULL,
  PRIMARY KEY (`id`),
  UNIQUE KEY `name` (`name`)
) ENGINE=MyISAM AUTO_INCREMENT=80 DEFAULT CHARSET=utf8 COLLATE=utf8_unicode_ci;
/*!40101 SET character_set_client = @saved_cs_client */;

--
-- Dumping data for table `exercises`
--

LOCK TABLES `exercises` WRITE;
/*!40000 ALTER TABLE `exercises` DISABLE KEYS */;
INSERT INTO `exercises` VALUES (1,'HANG POWER CLEANS'),(2,'BURPEES'),(3,'DOUBLE UNDERS'),(4,'KNEES TO ELBOWS'),(5,'OVERHEAD WALK'),(6,'Front squat'),(7,'ring dips'),(8,'Deadlift'),(9,'PULL-UPS'),(10,'push-ups'),(11,'SIT-UPS'),(12,'squats'),(13,'Dumbell Deadlift'),(14,'Dumbell Hang Cleans'),(15,'Dumbell Push Press'),(16,'Dumbell Squat'),(17,'Push Press'),(19,'Squat Clean'),(20,'L-Pullup'),(21,'JUMP ROPE'),(22,'DB Swings'),(23,'muscle-ups'),(24,'power cleans'),(25,'clean & jerk'),(26,'thrusters'),(27,'reverse grip pull-ups'),(28,'Shoulder Press'),(29,'Handstand push-ups'),(30,'L-sit'),(31,'Good Morning'),(32,'Abmat Situp'),(33,'Back Extensions'),(34,'Back Squats'),(35,'Barbell lunge'),(36,'wall ball'),(37,'45lb meter run'),(38,'OVERHEAD SQUAT'),(39,'POWER SNATCH'),(40,'BENCH PRESS'),(41,'ONE-LEGGED SQUAT'),(42,'WEIGHTED CIRCLES'),(43,'BARBELL OVERHEAD LUNGE'),(44,'DB THRUSTERS'),(45,'GHD SIT-UPS'),(46,'WEIGHTED PULL-UP'),(47,'STRICT PULL-UP'),(48,'BOX JUMPS'),(49,'RING PUSH-UPS'),(50,'FARMERS WALK'),(51,'DB PUSH JERK'),(52,'TOES 2 BAR'),(53,'LUNGE'),(54,'ROW'),(55,'DB SNATCH'),(56,'SQUAT CLEAN THRUSTERS'),(57,'RING PULL-UPS'),(58,'DUMBELL OH LUNGE (SINGLE)'),(59,'GROUND TO OVERHEAD'),(60,'SQUAT SNATCH'),(61,'TOWEL PULL-UP'),(62,'JUMPS'),(63,'SUMO DEADLIFT'),(64,'PUSH JERK'),(65,'DB SQUAT CLEAN'),(66,'SQUAT CLEAN JERK'),(67,'HANG POWER SNATCH'),(68,'SPLIT JERK'),(69,'BURPEE PULL-UPS'),(70,'WALL CLIMB'),(71,'DB BENTOVER ROW'),(72,'DB POWER CLEAN'),(73,'SNATCH BALANCE'),(74,'DB SQUAT'),(75,'DB PUSH PRESS'),(76,'DB DEADLIFT'),(77,'HANDSTAND WALK'),(78,'My Exercise'),(79,'My Ex98');
/*!40000 ALTER TABLE `exercises` ENABLE KEYS */;
UNLOCK TABLES;

--
-- Table structure for table `sets`
--

DROP TABLE IF EXISTS `sets`;
/*!40101 SET @saved_cs_client     = @@character_set_client */;
/*!40101 SET character_set_client = utf8 */;
CREATE TABLE `sets` (
  `id` int(11) NOT NULL AUTO_INCREMENT,
  `ex_id` int(11) NOT NULL,
  `reps` int(11) DEFAULT '0',
  `weight` int(11) DEFAULT '0',
  `number` int(11) NOT NULL,
  `notes` varchar(45) DEFAULT NULL,
  `time` int(4) DEFAULT '0',
  PRIMARY KEY (`id`),
  UNIQUE KEY `unique` (`number`,`ex_id`),
  KEY `exercise` (`ex_id`),
  CONSTRAINT `exercise` FOREIGN KEY (`ex_id`) REFERENCES `exercise` (`exercise_id`) ON DELETE CASCADE ON UPDATE CASCADE
) ENGINE=InnoDB AUTO_INCREMENT=1097 DEFAULT CHARSET=latin1;
/*!40101 SET character_set_client = @saved_cs_client */;

--
-- Dumping data for table `sets`
--

LOCK TABLES `sets` WRITE;
/*!40000 ALTER TABLE `sets` DISABLE KEYS */;
INSERT INTO `sets` VALUES (14,3,15,135,1,'',0),(15,4,15,0,2,'',0),(16,3,15,135,3,'',0),(17,4,15,0,4,'',0),(18,3,15,135,5,'',0),(19,4,15,0,6,'',0),(20,5,50,0,1,'4 rounds',0),(21,6,35,0,2,'4 rounds',0),(22,7,20,135,3,'4 rounds',0),(23,8,6,135,1,NULL,0),(24,8,5,135,2,NULL,0),(25,8,5,135,3,NULL,0),(26,8,4,135,4,NULL,0),(27,8,4,135,5,NULL,0),(28,9,20,0,1,NULL,0),(29,9,20,0,2,NULL,0),(30,9,20,0,3,NULL,0),(31,9,20,0,4,NULL,0),(32,9,20,0,5,NULL,0),(33,10,10,205,1,NULL,0),(34,10,8,255,2,NULL,0),(35,10,8,255,3,NULL,0),(36,10,8,255,4,NULL,0),(37,10,5,265,5,NULL,0),(38,10,5,265,6,NULL,0),(39,11,20,0,1,NULL,0),(40,12,30,0,2,NULL,0),(41,13,40,0,3,NULL,0),(42,14,50,0,4,NULL,0),(43,15,5,50,1,NULL,0),(44,15,5,60,2,NULL,0),(45,15,5,75,3,NULL,0),(46,15,5,75,4,NULL,0),(47,16,5,50,1,NULL,0),(48,16,5,50,2,NULL,0),(49,16,5,50,3,NULL,0),(50,16,5,50,4,NULL,0),(51,16,5,50,5,NULL,0),(52,15,5,75,5,NULL,0),(53,17,5,50,1,NULL,0),(54,17,5,50,2,NULL,0),(55,17,5,50,3,NULL,0),(56,17,5,50,4,NULL,0),(57,17,5,50,5,NULL,0),(58,18,5,50,1,NULL,0),(59,18,5,50,2,NULL,0),(60,18,5,50,3,NULL,0),(61,18,5,50,4,NULL,0),(62,18,5,50,5,NULL,0),(63,19,2,175,1,NULL,0),(64,19,2,175,2,NULL,0),(65,19,10,135,3,NULL,0),(66,20,1,145,1,NULL,0),(67,21,2,275,1,NULL,0),(68,21,2,275,2,NULL,0),(69,21,1,280,3,NULL,0),(70,22,10,0,1,NULL,0),(71,23,10,45,1,NULL,0),(72,24,10,0,1,NULL,0),(73,25,600,0,1,NULL,0),(74,26,30,50,1,NULL,0),(75,27,30,0,1,NULL,0),(76,28,5,0,1,NULL,0),(77,29,10,135,1,NULL,0),(78,30,200,0,1,NULL,0),(79,31,1,125,1,NULL,0),(80,31,1,135,2,NULL,0),(81,31,1,145,3,NULL,0),(82,31,1,155,4,NULL,0),(83,31,1,160,5,NULL,0),(84,31,1,160,6,NULL,0),(85,31,1,165,7,NULL,0),(86,32,21,115,1,NULL,0),(87,32,15,115,2,NULL,0),(88,32,9,115,3,NULL,0),(89,33,35,0,1,NULL,0),(90,33,30,0,2,NULL,0),(91,33,25,0,3,NULL,0),(92,36,50,0,1,NULL,0),(93,36,40,0,2,NULL,0),(94,36,30,0,3,NULL,0),(95,36,20,0,4,NULL,0),(96,36,10,0,5,NULL,0),(97,37,50,0,1,NULL,0),(98,37,40,0,2,NULL,0),(99,37,30,0,3,NULL,0),(100,37,20,0,4,NULL,0),(101,37,10,0,5,NULL,0),(102,34,20,125,1,NULL,0),(103,35,50,0,1,NULL,0),(104,38,400,0,1,NULL,0),(105,39,50,0,1,NULL,0),(106,40,21,0,1,NULL,0),(107,40,15,0,2,NULL,0),(108,40,9,0,3,NULL,0),(109,41,21,0,1,NULL,0),(110,41,15,0,2,NULL,0),(111,41,9,0,3,NULL,0),(112,42,21,0,1,NULL,0),(113,42,15,0,2,NULL,0),(114,42,9,0,3,NULL,0),(115,43,21,95,1,'3 rounds',NULL),(116,44,21,0,1,'3 rounds',NULL),(117,45,0,0,1,'hold for 60 sec. total, 3 rounds',NULL),(118,46,30,45,1,'barbell only 3 rounds',NULL),(119,47,60,0,1,'used towel, 3 rounds',NULL),(120,48,30,25,1,'3 rounds',NULL),(121,49,600,0,1,'3 rounds',NULL),(122,50,50,70,1,'dumbell',NULL),(123,50,50,70,2,'dumbell',NULL),(124,50,50,70,3,'dumbell',NULL),(125,51,7,155,1,'',NULL),(126,51,5,175,2,'',NULL),(127,51,5,175,3,'',NULL),(128,51,4,175,4,'',NULL),(129,51,5,165,5,'',NULL),(130,51,10,135,6,'',NULL),(131,52,10,0,1,'',NULL),(132,53,15,250,1,'',NULL),(133,54,30,135,1,'30 total',NULL),(134,55,100,20,1,'',NULL),(135,56,100,0,1,'',NULL),(136,57,50,0,1,'',NULL),(137,58,0,0,1,'200 steps w/ 45lb plate',NULL),(138,59,7,0,1,'',NULL),(139,60,7,135,1,'hard',NULL),(140,61,7,0,1,'',NULL),(141,62,7,245,1,'',NULL),(142,63,7,0,1,'',NULL),(143,64,7,70,1,'',NULL),(144,65,7,0,1,'',NULL),(145,66,20,75,1,'',NULL),(146,66,10,85,2,'',NULL),(147,66,20,75,3,'',NULL),(148,66,10,75,4,'',NULL),(149,66,10,75,5,'',NULL),(150,66,10,75,6,'',NULL),(151,66,10,75,7,'',NULL),(152,66,10,75,8,'',NULL),(153,67,7,105,1,'',NULL),(154,67,5,125,2,'',NULL),(155,67,5,125,3,'',NULL),(156,67,5,125,4,'',NULL),(157,67,5,125,5,'',NULL),(158,67,5,125,6,'',NULL),(159,68,75,75,1,'',NULL),(160,69,10,0,1,'',NULL),(161,70,15,0,1,'',NULL),(162,71,20,135,1,'',NULL),(163,72,1000,0,1,'',NULL),(164,73,5,0,1,'15 sets',NULL),(165,74,10,0,1,'15 sets',NULL),(166,75,15,0,1,'15 sets',NULL),(167,76,5,135,1,'5 rounds',NULL),(168,77,10,0,1,'5 rounds',NULL),(169,78,20,0,1,'5 sets',NULL),(170,79,10,95,1,'',NULL),(171,79,10,105,2,'',NULL),(172,79,10,115,3,'',NULL),(173,79,10,125,4,'',NULL),(174,79,5,125,5,'',NULL),(175,80,15,95,1,'',NULL),(176,80,15,95,2,'',NULL),(177,81,7,265,1,'',NULL),(178,81,6,275,2,'',NULL),(179,81,5,280,3,'',NULL),(180,81,5,285,4,'',NULL),(181,81,5,285,5,'',NULL),(182,81,30,135,6,'',NULL),(183,82,500,0,1,'',NULL),(184,82,1000,0,2,'',NULL),(185,82,2000,0,3,'',NULL),(186,83,30,155,1,'hard',NULL),(187,83,20,155,2,'hard',NULL),(188,83,10,155,3,'hard',NULL),(189,84,21,135,1,'',NULL),(190,84,15,135,2,'',NULL),(191,84,9,135,3,'',NULL),(192,85,21,0,1,'',NULL),(193,85,15,0,2,'',NULL),(194,85,9,0,3,'',NULL),(195,86,2000,0,1,'',NULL),(196,86,1000,0,2,'',NULL),(197,86,500,0,3,'',NULL),(198,87,50,20,1,'',NULL),(199,87,35,20,2,'',NULL),(200,87,25,20,3,'',NULL),(201,88,16,75,1,'',NULL),(202,88,10,75,2,'',NULL),(203,88,8,75,3,'',NULL),(204,88,8,75,4,'',NULL),(205,88,8,75,5,'',NULL),(206,88,8,75,6,'',NULL),(207,88,6,85,7,'',NULL),(208,88,6,85,8,'',NULL),(209,88,2,85,9,'',NULL),(210,88,3,85,10,'',NULL),(211,89,10,0,1,'3 sets',NULL),(212,90,20,0,1,'3 sets',NULL),(213,91,20,0,1,'alternate legs, 3 sets',NULL),(214,92,20,0,1,'3 sets',NULL),(215,93,800,0,1,'5 ROUNDS',NULL),(216,94,20,10,1,'10 EACH ARM, 5 ROUNDS',NULL),(217,95,50,0,1,'5 ROUNDS',NULL),(218,96,16,45,1,'BARBELL ONLY, 6 ROUNDS',NULL),(219,97,21,0,1,'6 ROUNDS',NULL),(220,98,3,85,1,'',NULL),(221,98,3,95,2,'',NULL),(222,98,1,105,3,'',NULL),(223,98,1,115,4,'',NULL),(224,98,1,115,5,'',NULL),(225,98,5,95,6,'',NULL),(226,98,2,105,7,'',NULL),(227,98,1,105,8,'',NULL),(228,99,15,50,1,'3 rounds',NULL),(229,100,30,0,1,'3 rounds',NULL),(230,101,3,35,1,'Hard!, 10 sets',NULL),(231,102,5,0,1,'',NULL),(232,103,7,0,1,'',NULL),(233,104,40,0,1,'5 SETS',NULL),(234,105,30,0,1,'BENCH HEIGHT, 5 SETS',NULL),(235,106,20,50,1,'5 SETS',NULL),(236,107,5,260,1,'5 SETS',NULL),(237,108,20,0,1,'5 SETS',NULL),(238,109,10,0,1,'10 sets',NULL),(239,110,10,0,1,'10 sets',NULL),(240,111,10,0,1,'10 sets',NULL),(241,112,10,0,1,'10 sets',NULL),(242,113,25,0,1,'5 sets',NULL),(243,114,30,0,1,'5 sets',NULL),(244,115,1,85,1,'6 garage lengths, 5 sets',NULL),(245,116,100,0,1,'2 sets',NULL),(246,116,50,0,2,'2 sets',NULL),(247,117,50,20,1,'4 sets',NULL),(248,118,3,155,1,'',NULL),(249,118,3,155,2,'',NULL),(250,118,3,155,3,'',NULL),(251,118,3,155,4,'',NULL),(252,118,3,155,5,'',NULL),(253,118,3,155,6,'',NULL),(254,118,3,155,7,'',NULL),(255,118,10,135,8,'',NULL),(256,119,5,50,1,'13 sets, 50lb db',NULL),(257,120,10,0,1,'BENCH HEIGHT, 13 sets',NULL),(258,121,20,165,1,'12,5,3',NULL),(259,122,40,0,1,'',NULL),(260,123,60,70,1,'',NULL),(261,124,50,0,1,'',NULL),(262,124,50,0,2,'',NULL),(263,124,50,0,3,'',NULL),(264,124,50,0,4,'',NULL),(265,124,50,0,5,'',NULL),(266,124,50,0,6,'',NULL),(267,125,21,0,1,'',NULL),(268,125,18,0,2,'',NULL),(269,125,15,0,3,'',NULL),(270,125,12,0,4,'',NULL),(271,125,9,0,5,'',NULL),(272,125,6,0,6,'',NULL),(273,126,21,0,1,'',NULL),(274,126,18,0,2,'',NULL),(275,126,15,0,3,'',NULL),(276,126,12,0,4,'',NULL),(277,126,9,0,5,'',NULL),(278,126,6,0,6,'',NULL),(279,127,100,0,1,'',NULL),(280,128,0,0,1,'400m, ~1:30 each',NULL),(281,129,21,30,1,'right arm (increase weight)',NULL),(282,130,21,0,1,'6 sets, alternate between snatch',NULL),(283,131,21,30,1,'Left Arm',NULL),(284,132,15,115,1,'5 rounds',NULL),(285,133,0,0,1,'400m',NULL),(286,134,1,275,1,'',NULL),(287,134,30,185,2,'',NULL),(288,134,1,295,3,'',NULL),(289,134,20,205,4,'',NULL),(290,134,1,305,5,'',NULL),(291,134,10,245,6,'',NULL),(292,135,6,95,1,'',NULL),(293,135,4,95,2,'',NULL),(294,135,6,95,3,'',NULL),(295,135,6,95,4,'',NULL),(296,135,2,95,5,'',NULL),(297,136,8,135,1,'',NULL),(298,136,7,135,2,'',NULL),(299,136,6,135,3,'',NULL),(300,136,10,115,4,'',NULL),(301,136,10,115,5,'',NULL),(302,137,9,0,1,'',NULL),(303,137,7,0,2,'',NULL),(304,137,5,0,3,'',NULL),(305,138,9,115,1,'Up it to 135',NULL),(306,138,7,115,2,'up to 135',NULL),(307,138,5,115,3,'up to 135',NULL),(308,139,1200,0,1,'1200m',NULL),(309,139,800,0,2,'800m',NULL),(310,139,400,0,3,'400m',NULL),(311,140,63,50,1,'',NULL),(312,140,42,50,2,'',NULL),(313,140,21,50,3,'',NULL),(314,141,36,0,1,'',NULL),(315,141,24,0,2,'',NULL),(316,141,12,0,3,'',NULL),(317,142,3,175,1,'',NULL),(318,142,2,185,2,'',NULL),(319,143,1,295,1,'',NULL),(320,143,1,305,2,'',NULL),(321,143,1,310,3,'',NULL),(322,144,1,115,1,'',NULL),(323,144,1,135,2,'',NULL),(324,144,1,140,3,'',NULL),(325,145,100,0,1,'',NULL),(326,146,100,0,1,'',NULL),(327,147,100,0,1,'',NULL),(328,148,100,0,1,'',NULL),(329,149,3,155,1,'7 sets',NULL),(330,150,10,0,1,'7 sets',NULL),(331,151,30,95,1,'increase to 105',NULL),(332,151,10,105,2,'not included in time',NULL),(333,152,5000,0,1,'5000m',NULL),(334,153,15,225,1,'5 sets',NULL),(335,154,20,0,1,'BENCH HEIGHT, 5 SETS',NULL),(336,155,25,0,1,'5 sets',NULL),(337,156,400,0,1,'400m, 5 sets',NULL),(338,157,25,0,1,'5 sets',NULL),(339,158,5,125,1,'5 sets',NULL),(340,159,10,0,1,'5 sets',NULL),(341,160,50,0,1,'2 rounds',NULL),(342,161,25,20,1,'2 rounds',NULL),(343,161,100,20,2,'an extra 100',NULL),(344,162,1,115,1,'not included in time',NULL),(345,163,1,170,1,'not included in time',NULL),(346,164,6,125,1,'4 rounds',NULL),(347,165,12,0,1,'4 rounds',NULL),(348,166,24,0,1,'4 rounds',NULL),(349,167,500,0,1,'500m 3 sets',NULL),(350,168,30,0,1,'3 rounds',NULL),(351,169,25,45,1,'3 sets',NULL),(352,170,20,205,1,'3 sets',NULL),(353,171,5,0,1,'5 sets',NULL),(354,172,10,95,1,'5 sets',NULL),(355,173,15,0,1,'5 sets',NULL),(356,174,20,0,1,'5 sets',NULL),(357,175,7,155,1,'6 rnds',NULL),(358,176,10,45,1,'right',NULL),(359,177,7,0,1,'6 rnds',NULL),(360,178,10,45,1,'6 rnds',NULL),(361,179,10,95,1,'3 sets',NULL),(362,180,50,0,1,'3 sets',NULL),(363,181,10,95,1,'10 sets',NULL),(364,182,10,0,1,'10 sets',NULL),(365,183,50,0,1,'',NULL),(366,183,40,0,2,'',NULL),(367,183,30,0,3,'',NULL),(368,183,20,0,4,'',NULL),(369,183,10,0,5,'',NULL),(370,184,50,0,1,'',NULL),(371,184,40,0,2,'',NULL),(372,184,30,0,3,'',NULL),(373,184,20,0,4,'',NULL),(374,184,10,0,5,'',NULL),(375,185,5000,0,1,'5000m',NULL),(376,186,30,20,1,'3 sets',NULL),(377,187,30,75,1,'3 sets',NULL),(378,188,25,50,1,'50lb DB (3 sets)',NULL),(379,189,50,0,1,'3 sets',NULL),(380,190,3,35,1,'',NULL),(381,190,3,45,2,'',NULL),(382,190,2,55,3,'',NULL),(383,190,1,65,4,'',NULL),(384,190,1,65,5,'',NULL),(385,190,1,65,6,'',NULL),(386,190,1,65,7,'',NULL),(387,191,15,0,1,'3 sets',NULL),(388,192,21,0,1,'3 sets',NULL),(389,193,50,0,1,'3 sets',NULL),(390,194,30,0,1,'',NULL),(391,194,25,0,2,'',NULL),(392,194,20,0,3,'',NULL),(393,194,15,0,4,'',NULL),(394,194,10,0,5,'',NULL),(395,195,30,0,1,'',NULL),(396,195,25,0,2,'',NULL),(397,195,20,0,3,'',NULL),(398,195,15,0,4,'',NULL),(399,195,10,0,5,'',NULL),(400,196,30,0,1,'',NULL),(401,196,25,0,2,'',NULL),(402,196,20,0,3,'',NULL),(403,196,15,0,4,'',NULL),(404,196,10,0,5,'',NULL),(405,197,50,0,1,'5 sets to ceiling',NULL),(406,198,40,0,1,'',NULL),(407,199,30,0,1,'',NULL),(408,200,20,0,1,'',NULL),(409,201,10,0,1,'',NULL),(410,202,10,85,1,'6 rounds',NULL),(411,202,10,75,2,'2 sets',NULL),(412,202,10,65,3,'2 sets',NULL),(413,203,10,0,1,'10 sets',NULL),(414,204,21,75,1,'',NULL),(415,204,18,75,2,'',NULL),(416,204,15,75,3,'',NULL),(417,204,12,75,4,'',NULL),(418,204,9,75,5,'',NULL),(419,204,6,75,6,'',NULL),(420,204,3,75,7,'',NULL),(421,205,21,75,1,'',NULL),(422,205,18,75,2,'',NULL),(423,205,15,75,3,'',NULL),(424,205,12,75,4,'',NULL),(425,205,9,75,5,'',NULL),(426,205,6,75,6,'',NULL),(427,205,3,75,7,'',NULL),(428,206,21,0,1,'',NULL),(429,206,18,0,2,'',NULL),(430,206,15,0,3,'',NULL),(431,206,12,0,4,'',NULL),(432,206,9,0,5,'',NULL),(433,206,6,0,6,'',NULL),(434,206,3,0,7,'',NULL),(435,207,21,0,1,'',NULL),(436,207,18,0,2,'',NULL),(437,207,15,0,3,'',NULL),(438,207,12,0,4,'',NULL),(439,207,9,0,5,'',NULL),(440,207,6,0,6,'',NULL),(441,207,3,0,7,'',NULL),(442,208,175,4,1,'',NULL),(443,208,175,4,2,'',NULL),(444,208,175,3,3,'',NULL),(445,208,175,3,4,'',NULL),(446,208,175,3,5,'',NULL),(447,208,135,17,6,'',NULL),(448,209,500,0,1,'8 rounds, avg 1:50/500m',NULL),(449,210,5,95,1,'8 sets',NULL),(450,211,7,95,1,'8 sets',NULL),(451,212,10,95,1,'8 sets',NULL),(452,213,400,0,1,'400 lunges',NULL),(453,214,21,95,1,'',NULL),(454,214,15,95,2,'',NULL),(455,214,9,95,3,'',NULL),(456,215,21,0,1,'',NULL),(457,215,15,0,2,'',NULL),(458,215,9,0,3,'',NULL),(459,216,250,0,1,'250m',NULL),(460,217,10,115,1,'5 sets',NULL),(461,218,15,0,1,'5 sets, on bench',NULL),(462,219,20,0,1,'5 sets',NULL),(463,220,800,0,1,'800m, 3 sets',NULL),(464,221,30,40,1,'3 sets',NULL),(465,222,30,0,1,'3 sets',NULL),(466,223,50,0,1,'',NULL),(467,224,100,0,1,'',NULL),(468,225,5000,0,1,'5k ',NULL),(469,226,7,0,1,'6 sets',NULL),(470,227,7,125,1,'6 sets',NULL),(471,228,7,0,1,'6 sets',NULL),(472,229,7,245,1,'6 sets',NULL),(473,230,7,0,1,'6 sets',NULL),(474,231,7,70,1,'6 sets',NULL),(475,232,7,0,1,'6 sets',NULL),(476,233,400,0,1,'400m, 5 sets',NULL),(477,234,30,0,1,'5 sets',NULL),(478,235,30,0,1,'5 sets',NULL),(479,236,10,95,1,'',NULL),(480,236,5,105,2,'',NULL),(481,236,3,115,3,'',NULL),(482,236,3,115,4,'',NULL),(483,236,5,105,5,'',NULL),(484,236,5,105,6,'',NULL),(485,236,4,105,7,'',NULL),(486,236,15,65,8,'',NULL),(487,237,15,125,1,'',NULL),(488,237,12,125,2,'',NULL),(489,237,9,125,3,'',NULL),(490,238,15,45,1,'',NULL),(491,238,12,45,2,'',NULL),(492,238,9,45,3,'',NULL),(493,239,800,0,1,'800m, 3 sets',NULL),(494,240,50,45,1,'3 sets',NULL),(495,241,50,0,1,'3 sets',NULL),(496,242,500,0,1,'1:36.5',NULL),(497,242,500,0,2,'1:41.9',NULL),(498,242,500,0,3,'1:46.5',NULL),(499,242,500,0,4,'1:46.8',NULL),(500,243,25,0,1,'',NULL),(501,244,20,0,1,'',NULL),(502,245,50,0,1,'',NULL),(503,246,20,0,1,'',NULL),(504,247,25,0,1,'',NULL),(505,248,20,0,1,'',NULL),(506,249,30,70,1,'',NULL),(507,250,30,0,1,'',NULL),(508,251,20,35,1,'',NULL),(509,252,25,45,1,'',NULL),(510,253,30,20,1,'',NULL),(511,254,10,0,1,'',NULL),(512,255,3,285,1,'',NULL),(513,255,3,295,2,'',NULL),(514,255,3,305,3,'',NULL),(515,255,3,305,4,'',NULL),(516,255,3,305,5,'',NULL),(517,256,25,0,1,'',NULL),(518,256,20,0,2,'',NULL),(519,256,18,0,3,'',NULL),(520,256,18,0,4,'',NULL),(521,256,20,0,5,'',NULL),(522,257,0,0,1,'rnd 1 score: 121',NULL),(523,257,0,0,2,'rnd 2 score: 103',NULL),(524,257,0,0,3,'rnd 3 score: 93',NULL),(525,258,0,0,1,'rnd 1 score: 121',NULL),(526,258,0,0,2,'rnd 2 score: 103',NULL),(527,258,0,0,3,'rnd 3 score: 93',NULL),(528,259,0,0,1,'rnd 1 score: 121',NULL),(529,259,0,0,2,'rnd 2 score: 103',NULL),(530,259,0,0,3,'rnd 3 score: 93',NULL),(531,260,0,0,1,'rnd 1 score: 121',NULL),(532,260,0,0,2,'rnd 2 score: 103',NULL),(533,260,0,0,3,'rnd 3 score: 93',NULL),(534,261,0,0,1,'rnd 1 score: 121',NULL),(535,261,0,0,2,'rnd 2 score: 103',NULL),(536,261,0,0,3,'rnd 3 score: 93',NULL),(537,262,15,135,1,'10 sets',NULL),(538,263,15,0,1,'10 sets',NULL),(539,264,3,95,1,'',NULL),(540,264,3,115,2,'',NULL),(541,264,3,125,3,'',NULL),(542,264,3,125,4,'',NULL),(543,264,3,125,5,'',NULL),(544,264,3,125,6,'',NULL),(545,265,3,125,1,'',NULL),(546,265,3,135,2,'',NULL),(547,265,3,145,3,'',NULL),(548,265,3,125,4,'',NULL),(549,266,7,0,1,'5 sets',NULL),(550,267,7,0,1,'5 sets',NULL),(551,268,21,0,1,'5 sets',NULL),(552,269,10,115,1,'8 sets',NULL),(553,270,10,50,1,'8 sets',NULL),(554,271,10,0,1,'8 sets',NULL),(555,272,5000,0,1,'5k 18:59.2',NULL),(556,273,50,95,1,'',NULL),(557,273,40,115,2,'',NULL),(558,273,30,135,3,'',NULL),(559,273,20,155,4,'',NULL),(560,274,50,0,1,'',NULL),(561,274,40,0,2,'',NULL),(562,274,30,0,3,'',NULL),(563,274,20,0,4,'',NULL),(564,275,21,40,1,'Right Arm',NULL),(565,275,21,40,2,'Left Arm',NULL),(566,275,15,40,3,'Right Arm',NULL),(567,275,15,40,4,'Left Arm',NULL),(568,275,9,40,5,'Right Arm',NULL),(569,275,9,40,6,'Left Arm',NULL),(570,276,21,0,1,'',NULL),(571,276,15,0,2,'',NULL),(572,276,9,0,3,'',NULL),(573,277,5,135,1,'',NULL),(574,277,3,155,2,'',NULL),(575,277,1,175,3,'',NULL),(576,277,1,175,4,'',NULL),(577,277,1,175,5,'',NULL),(578,277,1,175,6,'',NULL),(579,277,1,175,7,'',NULL),(580,277,10,135,8,'',NULL),(581,278,6,120,1,'4 rounds',NULL),(582,279,12,0,1,'4 rounds',NULL),(583,280,24,0,1,'4 rounds',NULL),(584,281,30,75,1,'3 sets',NULL),(585,282,30,20,1,'3 sets',NULL),(586,283,50,20,1,'',NULL),(587,283,40,20,2,'',NULL),(588,283,30,20,3,'',NULL),(589,283,20,20,4,'',NULL),(590,283,10,20,5,'',NULL),(591,284,10,0,1,'',NULL),(592,284,8,0,2,'',NULL),(593,284,6,0,3,'',NULL),(594,284,4,0,4,'',NULL),(595,284,2,0,5,'',NULL),(596,285,15,135,1,'3 sets',NULL),(597,286,15,0,1,'3 sets',NULL),(598,287,1,200,1,'',NULL),(599,288,1,135,1,'',NULL),(600,289,1,325,1,'',NULL),(601,290,20,0,1,'3 sets',NULL),(602,291,30,0,1,'3 sets',NULL),(603,292,40,0,1,'3 sets',NULL),(604,293,800,0,1,'800m, 3 sets',NULL),(605,294,150,0,1,'150m, 10 sets',NULL),(606,295,7,0,1,'10 sets',NULL),(607,296,7,135,1,'10 sets',NULL),(608,297,7,0,1,'10 sets',NULL),(609,298,70,0,1,'',NULL),(610,299,60,0,1,'',NULL),(611,300,50,50,1,'',NULL),(612,301,40,0,1,'',NULL),(613,302,30,0,1,'',NULL),(614,303,1600,0,1,'',NULL),(615,303,1200,0,2,'',NULL),(616,303,800,0,3,'',NULL),(617,303,400,0,4,'',NULL),(618,304,10,20,1,'9 sets',NULL),(619,305,10,0,1,'9 sets',NULL),(620,306,21,225,1,'',NULL),(621,306,15,225,2,'',NULL),(622,306,9,225,3,'',NULL),(623,307,21,95,1,'',NULL),(624,307,15,95,2,'',NULL),(625,307,9,95,3,'',NULL),(626,308,1,155,1,'10 sets',NULL),(627,309,5,0,1,'',NULL),(628,310,10,0,1,'10 sets',NULL),(629,311,15,0,1,'10 sets',NULL),(630,312,10,85,1,'6 sets',NULL),(631,313,10,0,1,'5 sets',NULL),(632,314,10,0,1,'5 sets',NULL),(633,315,5000,0,1,'5k 19:16',NULL),(634,316,10,20,1,'13 sets',NULL),(635,317,10,0,1,'',NULL),(636,318,10,45,1,'13 sets',NULL),(637,319,15,145,1,'',NULL),(638,319,15,135,2,'',NULL),(639,320,20,0,1,'',NULL),(640,321,30,0,1,'',NULL),(641,322,40,0,1,'',NULL),(642,323,50,0,1,'',NULL),(643,324,4,85,1,'4 sets',NULL),(644,324,5,95,2,'5 sets',NULL),(645,324,7,100,3,'7 sets',NULL),(646,325,30,50,1,'3 sets',NULL),(647,326,25,20,1,'3 sets',NULL),(648,327,20,0,1,'3 sets',NULL),(649,328,20,275,1,'1 set',NULL),(650,329,400,0,1,'400m, 8 sets',NULL),(651,330,20,70,1,'1 set',NULL),(652,331,20,95,1,'1 set',NULL),(653,332,20,0,1,'1 set',NULL),(654,333,20,0,1,'1 set',NULL),(655,334,20,0,1,'1 set',NULL),(656,335,20,40,1,'1 set',NULL),(657,336,1,95,1,'',NULL),(658,336,1,105,2,'',NULL),(659,336,1,115,3,'',NULL),(660,336,1,125,4,'',NULL),(661,336,1,135,5,'2 sets',NULL),(662,337,1,135,1,'',NULL),(663,337,1,155,2,'',NULL),(664,337,1,165,3,'',NULL),(665,337,1,175,4,'2 sets',NULL),(666,338,1,165,1,'',NULL),(667,338,1,175,2,'',NULL),(668,338,1,185,3,'',NULL),(669,338,1,195,4,'',NULL),(670,338,1,200,5,'',NULL),(671,339,20,225,1,'4 sets',NULL),(672,340,400,0,1,'500m, 4 sets',NULL),(673,341,15,95,1,'5 sets',NULL),(674,342,400,0,1,'400m, 5 sets',NULL),(675,343,5,250,1,'5 sets',NULL),(676,344,400,0,1,'400m, 4 sets',NULL),(677,345,21,135,1,'',NULL),(678,345,15,135,2,'',NULL),(679,345,9,135,3,'',NULL),(680,346,21,0,1,'',NULL),(681,346,15,0,2,'',NULL),(682,346,9,0,3,'',NULL),(683,347,1,85,1,'',NULL),(684,347,1,95,2,'3 sets',NULL),(685,347,1,105,3,'3 sets',NULL),(686,347,1,115,4,'1 set',NULL),(687,348,8,115,1,'',NULL),(688,348,3,135,2,'',NULL),(689,348,3,145,3,'2 sets',NULL),(690,348,1,155,4,'2 sets',NULL),(691,348,1,160,5,'',NULL),(692,349,5,0,1,'7 sets',NULL),(693,350,10,185,1,'7 sets',NULL),(694,351,10,0,1,'7 sets',NULL),(695,352,20,0,1,'RUNNING JUMP ROPE',NULL),(696,353,2000,0,1,'2000m',NULL),(697,354,25,0,1,'4 sets',NULL),(698,355,15,155,1,'4 sets',NULL),(699,356,12,65,1,'12 sets',NULL),(700,357,10,0,1,'12 sets',NULL),(701,358,1000,0,1,'1000m',NULL),(702,359,50,45,1,'',NULL),(703,360,30,0,1,'',NULL),(704,361,400,0,1,'3 sets',NULL),(705,362,21,50,1,'3 sets',NULL),(706,363,12,0,1,'3 sets',NULL),(707,364,500,0,1,'',NULL),(708,365,7,135,1,'',NULL),(709,366,21,225,1,'',NULL),(710,366,16,225,2,'',NULL),(711,366,9,225,3,'',NULL),(712,367,21,0,1,'',NULL),(713,367,16,0,2,'',NULL),(714,367,9,0,3,'',NULL),(715,368,21,0,1,'',NULL),(716,368,16,0,2,'',NULL),(717,368,9,0,3,'',NULL),(718,369,1600,0,1,'5:47',NULL),(719,369,1200,0,2,'4:24',NULL),(720,369,800,0,3,'2:57',NULL),(721,369,400,0,4,'1:27',NULL),(722,370,5,115,1,'',NULL),(723,370,3,135,2,'',NULL),(724,370,3,155,3,'',NULL),(725,370,1,165,4,'',NULL),(726,370,9,135,5,'',NULL),(727,370,8,135,6,'',NULL),(728,370,7,135,7,'',NULL),(729,371,2,275,1,'',NULL),(730,371,2,295,2,'',NULL),(731,371,2,305,3,'',NULL),(732,371,2,315,4,'',NULL),(733,371,2,305,5,'6 sets',NULL),(734,372,15,98,1,'',NULL),(735,372,3,115,2,'',NULL),(736,372,2,125,3,'',NULL),(737,372,2,135,4,'',NULL),(738,372,4,114,5,'2 sets',NULL),(739,373,400,0,1,'3 sets',NULL),(740,374,15,0,1,'3 sets',NULL),(741,375,50,0,1,'3 sets',NULL),(742,376,15,0,1,'2 / rnd',NULL),(743,377,50,0,1,'',NULL),(744,378,50,0,1,'',NULL),(745,379,50,35,1,'',NULL),(746,380,50,0,1,'',NULL),(747,381,50,0,1,'',NULL),(748,382,50,45,1,'',NULL),(749,383,50,0,1,'',NULL),(750,384,50,0,1,'',NULL),(751,385,100,0,1,'alternate feet',NULL),(752,386,14,155,1,'',NULL),(753,386,7,155,2,'',NULL),(754,386,7,155,3,'',NULL),(755,386,5,155,4,'',NULL),(756,386,4,155,5,'',NULL),(757,387,35,0,1,'',NULL),(758,387,30,0,2,'',NULL),(759,387,25,0,3,'',NULL),(760,387,14,0,4,'',NULL),(761,387,14,0,5,'',NULL),(762,388,10,255,1,'3 sets',NULL),(763,389,30,0,1,'3 sets',NULL),(764,390,22,70,1,'4 sets',NULL),(765,391,22,0,1,'4 sets',NULL),(766,392,400,0,1,'4 sets',NULL),(767,393,22,0,1,'4 sets',NULL),(768,394,1,135,1,'4 sets',NULL),(769,395,3,155,1,'4 sets',NULL),(770,396,2,160,1,'(145 - 4 reps)',NULL),(771,397,5,0,1,'6 rounds',NULL),(772,398,10,0,1,'6 rounds',NULL),(773,399,15,0,1,'5 rounds + 5 reps',NULL),(774,400,10,0,1,'',NULL),(775,401,15,250,1,'',NULL),(776,402,25,0,1,'',NULL),(777,403,50,0,1,'',NULL),(778,404,100,45,1,'',NULL),(779,405,300,0,1,'alternate feet',NULL),(780,406,500,0,1,'',NULL),(781,407,75,75,1,'',NULL),(782,408,4,185,1,'3 sets',NULL),(783,408,3,190,2,'2 sets',NULL),(784,409,400,0,1,'alternate feet',NULL),(785,410,50,95,1,'2 sets',NULL),(786,411,50,0,1,'2 sets',NULL),(787,412,1600,0,1,'2 sets',NULL),(788,413,4,115,1,'',NULL),(789,413,1,135,2,'',NULL),(790,413,1,145,3,'',NULL),(791,413,1,155,4,'',NULL),(792,413,1,165,5,'fail',NULL),(793,413,1,170,6,'2 sets',NULL),(794,413,12,155,7,'',NULL),(795,414,3,175,1,'1 set',NULL),(796,414,3,165,2,'6 sets',NULL),(797,415,7,0,1,'7 sets',NULL),(798,416,8,0,1,'10 sets',NULL),(799,417,4,0,1,'10 sets',NULL),(800,418,8,70,1,'10 sets',NULL),(801,419,10,115,1,'10 sets',NULL),(802,420,10,50,1,'9 sets',NULL),(803,421,10,0,1,'9 sets',NULL),(804,422,400,0,1,'400m',NULL),(805,423,30,75,1,'3 sets',NULL),(806,424,21,0,1,'3 sets',NULL),(807,425,3,155,1,'',NULL),(808,425,3,165,2,'',NULL),(809,425,3,175,3,'',NULL),(810,425,2,180,4,'2 sets',NULL),(811,425,1,185,5,'',NULL),(812,425,10,115,6,'',NULL),(813,426,21,95,1,'',NULL),(814,426,15,95,2,'',NULL),(815,426,9,95,3,'',NULL),(816,427,21,0,1,'',NULL),(817,427,15,0,2,'',NULL),(818,427,9,0,3,'',NULL),(819,428,6,225,1,'',NULL),(820,429,7,0,1,'',NULL),(821,430,10,70,1,'',NULL),(822,431,200,0,1,'100 on 6th round',NULL),(823,432,7,0,1,'',NULL),(824,433,10,0,1,'',NULL),(825,434,20,0,1,'5 sets',NULL),(826,435,20,0,1,'5 sets',NULL),(827,436,5,155,1,'5 sets',NULL),(828,437,25,0,1,'7 sets',NULL),(829,438,250,0,1,'8 sets',NULL),(830,439,20,95,1,'2 sets',NULL),(831,439,20,95,6,'',NULL),(832,439,8,155,5,'',NULL),(833,439,12,145,4,'',NULL),(834,439,20,135,3,'',NULL),(835,439,20,115,2,'',NULL),(836,440,9,0,3,'',NULL),(837,440,15,0,2,'',NULL),(838,440,21,0,1,'',NULL),(839,441,9,135,3,'power clean',NULL),(840,441,15,135,2,'power clean half',NULL),(841,441,21,135,1,'',NULL),(842,442,20,135,1,'5 sets',NULL),(843,443,20,0,1,'5 sets',NULL),(844,444,500,0,1,'',NULL),(845,445,15,50,1,'5 sets',NULL),(846,446,20,0,1,'5 sets',NULL),(847,447,400,0,1,'5 sets',NULL),(848,448,200,0,1,'alt jrope',NULL),(849,449,10,275,1,'3 sets',NULL),(850,450,1,115,4,'',NULL),(851,450,2,105,3,'',NULL),(852,450,5,95,2,'',NULL),(853,450,1,105,1,'4 sets',NULL),(854,451,800,0,1,'3 sets',NULL),(855,452,75,0,1,'',NULL),(856,453,12,0,1,'',NULL),(857,454,7,135,6,'',NULL),(858,454,2,165,5,'',NULL),(859,454,1,165,4,'',NULL),(860,454,3,155,3,'',NULL),(861,454,3,145,2,'',NULL),(862,454,3,135,1,'',NULL),(863,455,50,45,1,'',NULL),(864,456,800,0,1,'',NULL),(865,457,50,40,1,'',NULL),(866,458,50,0,1,'',NULL),(867,459,50,50,1,'',NULL),(868,460,50,0,1,'',NULL),(869,461,400,0,1,'4 sets',NULL),(870,462,12,225,4,'',NULL),(871,462,15,225,3,'',NULL),(872,462,18,225,2,'',NULL),(873,462,21,225,1,'',NULL),(874,463,36,0,3,'',NULL),(875,463,21,20,2,'',NULL),(876,463,15,35,1,'',NULL),(877,464,36,65,3,'',NULL),(878,464,21,95,2,'',NULL),(879,464,15,135,1,'',NULL),(880,465,9,95,7,'',NULL),(881,465,2,140,6,'',NULL),(882,465,1,135,5,'',NULL),(883,465,2,135,4,'2 sets',NULL),(884,465,2,125,3,'',NULL),(885,465,3,125,2,'',NULL),(886,465,4,115,1,'',NULL),(887,466,5000,0,1,'19:29',NULL),(888,467,20,0,1,'3-5 sets',NULL),(889,468,20,115,1,'3-5 sets',NULL),(890,469,15,0,1,'7 sets',NULL),(891,470,15,95,1,'7 sets',NULL),(892,471,15,50,1,'7 sets',NULL),(893,472,3,105,3,'2 sets',NULL),(894,472,3,95,2,'2 sets',NULL),(895,472,3,75,1,'',NULL),(896,473,1,170,6,'power clean/split jerk',NULL),(897,473,1,165,5,'2 sets',NULL),(898,473,1,155,4,'',NULL),(899,473,1,145,3,'',NULL),(900,473,1,135,2,'',NULL),(901,473,1,115,1,'',NULL),(902,474,5,60,3,'3 sets',NULL),(903,474,5,50,2,'',NULL),(904,474,5,40,1,'',NULL),(905,475,5,60,3,'3 sets',NULL),(906,475,5,50,2,'',NULL),(907,475,5,40,1,'',NULL),(908,476,5,60,3,'3 sets',NULL),(909,476,5,50,2,'',NULL),(910,476,5,40,1,'',NULL),(911,477,5,60,3,'3 sets',NULL),(912,477,5,50,2,'',NULL),(913,477,5,40,1,'',NULL),(914,478,21,0,1,'5 sets',NULL),(915,479,25,45,1,'5 sets',NULL),(916,480,15,0,1,'7 sets',NULL),(917,481,10,0,1,'7 sets',NULL),(918,482,5,0,1,'7 sets',NULL),(919,483,2,305,4,'',NULL),(920,483,3,305,3,'3 sets',NULL),(921,483,3,295,2,'',NULL),(922,483,3,275,1,'',NULL),(923,484,20,40,3,'10 each arm',NULL),(924,484,35,40,2,'18/17 arm',NULL),(925,484,50,40,1,'25 each arm',NULL),(926,485,500,0,3,'500m',NULL),(927,485,750,0,2,'750m',NULL),(928,485,1000,0,1,'1000m',NULL),(929,486,2,185,4,'',NULL),(930,486,3,185,3,'3 sets',NULL),(931,486,3,175,2,'',NULL),(932,486,5,155,1,'',NULL),(933,487,9,95,3,'',NULL),(934,487,15,95,2,'',NULL),(935,487,21,95,1,'',NULL),(936,488,9,95,3,'',NULL),(937,488,15,95,2,'',NULL),(938,488,21,95,1,'',NULL),(939,489,800,0,1,'3 sets',NULL),(940,490,21,0,1,'3 sets',NULL),(941,491,15,0,1,'3 sets',NULL),(942,492,9,0,1,'3 sets',NULL),(943,493,5,95,4,'',NULL),(944,493,3,115,3,'3 ses',NULL),(945,493,4,105,2,'',NULL),(946,493,5,95,1,'',NULL),(947,494,9,0,1,'3 sets',NULL),(948,495,15,75,1,'3 sets',NULL),(949,496,400,0,1,'3 sets',NULL),(950,497,5,115,7,'',NULL),(951,497,1,145,6,'',NULL),(952,497,2,140,5,'',NULL),(953,497,2,140,4,'',NULL),(954,497,3,135,3,'',NULL),(955,497,4,125,2,'',NULL),(956,497,4,115,1,'',NULL),(957,498,20,0,1,'just lift one arm at time',NULL),(958,499,20,135,1,'',NULL),(959,500,30,0,1,'',NULL),(960,501,15,225,1,'',NULL),(961,502,7,0,1,'',NULL),(962,503,0,0,1,'17 rounds',NULL),(963,504,500,0,1,'1:50.6 avg 30 sec rest',NULL),(964,505,100,45,1,'',NULL),(965,506,100,0,1,'',NULL),(966,507,1600,0,2,'',NULL),(967,507,1600,0,1,'',NULL),(968,508,5,155,1,'8 sets',NULL),(969,509,3,155,1,'8 sets',NULL),(970,510,1,170,7,'',NULL),(971,510,1,165,6,'',NULL),(972,510,1,165,5,'',NULL),(973,510,1,175,4,'',NULL),(974,510,1,165,3,'',NULL),(975,510,2,155,2,'',NULL),(976,510,2,135,1,'',NULL),(977,511,10,0,1,'',NULL),(978,512,10,0,1,'',NULL),(979,513,1,205,1,'',NULL),(980,514,1,185,1,'',NULL),(981,515,1,140,1,'',NULL),(982,516,15,0,1,'',NULL),(983,517,15,0,1,'',NULL),(984,518,15,0,1,'3 sets per round',NULL),(985,519,10,0,1,'',NULL),(986,520,10,0,1,'',NULL),(987,521,1,135,10,'',NULL),(988,521,2,135,9,'',NULL),(989,521,3,135,8,'',NULL),(990,521,4,135,7,'',NULL),(991,521,5,135,6,'',NULL),(992,521,6,135,5,'',NULL),(993,521,7,135,4,'',NULL),(994,521,8,135,3,'',NULL),(995,521,9,135,2,'',NULL),(996,521,10,135,1,'',NULL),(997,522,9,105,3,'',NULL),(998,522,15,105,2,'',NULL),(999,522,21,105,1,'',NULL),(1000,523,9,225,3,'',NULL),(1001,523,15,225,2,'',NULL),(1002,523,21,225,1,'',NULL),(1003,524,30,0,1,'',NULL),(1004,525,40,0,1,'',NULL),(1005,526,50,50,1,'',NULL),(1006,527,60,0,1,'',NULL),(1007,528,70,0,1,'',NULL),(1008,529,10,0,3,'',NULL),(1009,529,15,0,2,'',NULL),(1010,529,20,0,1,'',NULL),(1011,530,20,0,3,'',NULL),(1012,530,35,0,2,'',NULL),(1013,530,50,0,1,'',NULL),(1014,531,25,0,3,'',NULL),(1015,531,50,0,2,'',NULL),(1016,531,75,0,1,'',NULL),(1017,532,2,165,4,'',NULL),(1018,532,3,160,3,'',NULL),(1019,532,3,155,2,'2 sets',NULL),(1020,532,3,135,1,'',NULL),(1021,533,15,0,1,'9 sets',NULL),(1022,534,12,0,1,'9 sets',NULL),(1023,535,9,155,1,'10 sets',NULL),(1024,536,9,0,3,'',NULL),(1025,536,15,0,2,'',NULL),(1026,536,21,0,1,'',NULL),(1027,537,9,225,3,'',NULL),(1028,537,15,225,2,'',NULL),(1029,537,21,225,1,'',NULL),(1030,538,5,165,1,'',NULL),(1031,539,400,0,1,'5 sets',NULL),(1032,540,21,135,1,'2 sets',NULL),(1033,541,1600,0,3,'',NULL),(1034,541,800,0,2,'',NULL),(1035,541,1600,0,1,'',NULL),(1036,542,50,0,1,'3 sets',NULL),(1037,543,50,45,1,'3 sets',NULL),(1038,544,800,0,1,'3 sets',NULL),(1039,545,9,0,3,'',NULL),(1040,545,15,0,2,'',NULL),(1041,545,21,0,1,'',NULL),(1042,546,9,0,3,'',NULL),(1043,546,15,0,2,'',NULL),(1044,546,21,0,1,'',NULL),(1045,547,9,0,3,'modified',NULL),(1046,547,15,0,2,'',NULL),(1047,547,21,0,1,'',NULL),(1048,548,1,145,1,'15 sets',NULL),(1049,549,400,0,4,'',NULL),(1050,549,800,0,3,'1 min',NULL),(1051,549,1200,0,2,'2 min break',NULL),(1052,549,1600,0,1,'3 min break',NULL),(1053,550,2,140,3,'2.5 sets',NULL),(1054,550,2,135,2,'5 sets',NULL),(1055,550,2,125,1,'2 sets',NULL),(1056,551,10,0,1,'none',NULL),(1057,552,30,120,1,'',NULL),(1058,553,60,0,1,'',NULL),(1059,554,12,0,5,'',NULL),(1060,554,18,0,4,'',NULL),(1061,554,16,0,3,'',NULL),(1062,554,31,0,2,'',NULL),(1063,554,40,0,1,'',NULL),(1064,555,4,165,5,'',NULL),(1065,555,5,165,4,'',NULL),(1066,555,5,165,3,'',NULL),(1067,555,7,165,2,'',NULL),(1068,555,10,165,1,'',NULL),(1069,556,20,0,1,'',NULL),(1070,557,5,135,1,'',NULL),(1071,558,10,135,1,'4 sets',NULL),(1072,559,5,135,1,'4 sets',NULL),(1073,560,50,0,1,'',NULL),(1074,561,50,0,1,'',NULL),(1075,562,50,0,1,'',NULL),(1076,563,50,0,1,'',NULL),(1077,564,100,0,1,'4 sets each round',NULL),(1078,565,2000,0,1,'2k',NULL),(1079,566,1,125,5,'4 sets',NULL),(1080,566,2,115,4,'',NULL),(1081,566,3,105,3,'',NULL),(1082,566,4,95,2,'',NULL),(1083,566,5,85,1,'',NULL),(1084,567,15,0,1,'7 sets',NULL),(1085,568,10,0,1,'',NULL),(1086,569,5,145,1,'8 sets',NULL),(1087,570,1,325,5,'3 sets',NULL),(1088,570,1,320,4,'2 sets',NULL),(1089,570,1,315,3,'',NULL),(1090,570,2,295,2,'',NULL),(1091,570,5,275,1,'',NULL),(1092,571,12,0,1,'3,6,9,12',NULL),(1093,572,12,100,1,'3,6,9,12 + 14',NULL),(1094,573,0,0,1,'max each round',NULL),(1095,574,400,0,1,'6 sets',NULL),(1096,575,15,0,1,'6 sets',NULL);
/*!40000 ALTER TABLE `sets` ENABLE KEYS */;
UNLOCK TABLES;

--
-- Table structure for table `users`
--

DROP TABLE IF EXISTS `users`;
/*!40101 SET @saved_cs_client     = @@character_set_client */;
/*!40101 SET character_set_client = utf8 */;
CREATE TABLE `users` (
  `id` int(11) NOT NULL AUTO_INCREMENT,
  `user_id` varchar(45) NOT NULL,
  `name` varchar(45) DEFAULT NULL,
  PRIMARY KEY (`id`),
  UNIQUE KEY `user` (`user_id`)
) ENGINE=InnoDB AUTO_INCREMENT=4 DEFAULT CHARSET=latin1;
/*!40101 SET character_set_client = @saved_cs_client */;

--
-- Dumping data for table `users`
--

LOCK TABLES `users` WRITE;
/*!40000 ALTER TABLE `users` DISABLE KEYS */;
INSERT INTO `users` VALUES (1,'sas342','Scott Stimmel'),(2,'',NULL),(3,'sas342,sas342',NULL);
/*!40000 ALTER TABLE `users` ENABLE KEYS */;
UNLOCK TABLES;

--
-- Table structure for table `workout`
--

DROP TABLE IF EXISTS `workout`;
/*!40101 SET @saved_cs_client     = @@character_set_client */;
/*!40101 SET character_set_client = utf8 */;
CREATE TABLE `workout` (
  `workout_id` int(11) NOT NULL AUTO_INCREMENT,
  `name` varchar(45) NOT NULL,
  `date` date DEFAULT NULL,
  `user_id` varchar(45) NOT NULL,
  `time` int(11) DEFAULT NULL,
  `notes` varchar(50) DEFAULT NULL,
  PRIMARY KEY (`workout_id`),
  UNIQUE KEY `unique` (`name`,`date`),
  KEY `name` (`name`),
  KEY `date` (`date`),
  KEY `user` (`user_id`),
  CONSTRAINT `user` FOREIGN KEY (`user_id`) REFERENCES `users` (`user_id`) ON DELETE CASCADE ON UPDATE CASCADE
) ENGINE=InnoDB AUTO_INCREMENT=237 DEFAULT CHARSET=latin1;
/*!40101 SET character_set_client = @saved_cs_client */;

--
-- Dumping data for table `workout`
--

LOCK TABLES `workout` WRITE;
/*!40000 ALTER TABLE `workout` DISABLE KEYS */;
INSERT INTO `workout` VALUES (3,'WOD 100423','2010-04-29','sas342',18,'3 rounds'),(4,'WOD 100424 PAUL','2010-04-30','sas342',40,'4 rounds'),(5,'WOD 100501','2010-05-01','sas342',NULL,'5 rounds'),(6,'100503','2010-05-03','sas342',NULL,'6 rounds'),(7,'WOD 100504','2010-05-04','sas342',33,'5 rounds'),(8,'WOD 100505','2010-05-11','sas342',NULL,'5 rounds'),(9,'WOD 100508','2010-05-12','sas342',NULL,'max weight'),(10,'WOD 100510','2010-05-13','sas342',30,'6 rounds'),(11,'WOD 100514','2010-05-14','sas342',43,'5 rounds'),(12,'WOD 100512','2010-05-15','sas342',27,'5 rounds'),(13,'WOD 100516','2010-05-17','sas342',NULL,NULL),(14,'WOD 100517','2010-05-19','sas342',18,'3 rounds'),(15,'WOD 1005118','2010-05-20','sas342',20,'5 rounds'),(16,'WOD 100520','2010-05-21','sas342',10,NULL),(17,'WOD 100521','2010-05-22','sas342',23,'4 rounds'),(18,'WOD 100522','2010-05-24','sas342',21,'3 rounds'),(19,'WOD 100525','2010-05-26','sas342',15,'3 rounds'),(20,'WOD 100526','2010-05-27','sas342',37,'3 rounds'),(21,'WOD 100529','2010-05-30','sas342',35,'3 rounds'),(22,'WOD 100524','2010-05-31','sas342',0,'6 rounds'),(23,'WOD 100528','2010-06-03','sas342',37,NULL),(24,'WOD 100530','2010-06-04','sas342',59,'6 or 7 rounds?'),(25,'OH Squat Practice','2010-06-06','sas342',0,'Practice'),(26,'WOD 100601','2010-06-08','sas342',0,'6 rounds'),(27,'WOD 100603','2010-06-09','sas342',13,''),(28,'WOD 100606','2010-06-10','sas342',25,'1 round'),(29,'WOD 100611','2010-06-11','sas342',12,'15 rounds'),(30,'WOD 100609','2010-06-13','sas342',12,'5 rounds'),(31,'Practice Squat Cleans','2010-06-14','sas342',0,'Practice'),(32,'WOD 100610','2010-06-15','sas342',0,''),(33,'WOD 100614','2010-06-16','sas342',30,'roughly, interrupted'),(34,'WOD 100613','2010-06-17','sas342',13,'3 rounds'),(35,'WOD 100615','2010-06-18','sas342',24,'3 rounds'),(36,'Practice Overhead Squats','2010-06-20','sas342',0,'practice'),(37,'WOD 100617','2010-06-22','sas342',25,'3 rounds'),(38,'WOD 100622 MOD','2010-06-23','sas342',36,'5 ROUNDS'),(39,'WOD 100621','2010-06-24','sas342',18,'6 ROUNDS, 5 RND 18MIN'),(40,'WOD 100619','2010-06-25','sas342',0,'8 SETS'),(41,'WOD 100623','2010-06-28','sas342',14,'3 rounds'),(42,'WOD 100626','2010-06-29','sas342',20,'10 ROUNDS'),(43,'WOD 100625','2010-06-30','sas342',27,'5 ROUNDS'),(44,'WOD 100627','2010-07-01','sas342',11,'5 ROUNDS'),(45,'WOD 100701','2010-07-02','sas342',18,'10 rounds'),(46,'WOD 100629','2010-07-04','sas342',25,'5 rounds'),(47,'Practice Double Unders','2010-07-06','sas342',26,'4 rounds'),(48,'WOD 100630','2010-07-07','sas342',0,'8 sets'),(49,'WOD 100703','2010-07-08','sas342',15,'13 rounds'),(50,'WOD 100707','2010-07-12','sas342',15,'1 round'),(51,'WOD 100708','2010-07-13','sas342',15,'6 rounds'),(52,'100 PULL-UP','2010-07-15','sas342',4,'3:45 total'),(53,'Practice ROW','2010-07-16','sas342',22,'8 rounds 400m'),(54,'WOD 100712','2010-07-17','sas342',20,'3 rounds'),(55,'WOD 100711','2010-07-19','sas342',25,'5 rounds'),(56,'WOD 100716','2010-07-21','sas342',0,'6 sets'),(57,'Practice SQUAT','2010-07-22','sas342',0,''),(58,'WOD 100717','2010-07-24','sas342',7,'3 rounds'),(59,'WOD 100719','2010-07-26','sas342',27,'3 rounds'),(60,'WOD 100724','2010-07-27','sas342',0,''),(61,'WOD 100725','2010-07-28','sas342',15,''),(62,'WOD 100721','2010-07-29','sas342',12,'7 rounds'),(63,'WOD 100729','2010-07-30','sas342',5,''),(64,'WOD 100728','2010-08-02','sas342',19,'19:46 total'),(65,'WOD 100727','2010-08-03','sas342',25,'5 rounds'),(66,'WOD 100731','2010-08-04','sas342',21,'5 rounds'),(67,'WOD 100801','2010-08-06','sas342',12,'5 rounds'),(68,'WOD 100802 (Modified)','2010-08-07','sas342',18,'JR Broke (2 Rounds)'),(69,'WOD 100804','2010-08-09','sas342',10,'4 rounds exact'),(70,'WOD 100805','2010-08-10','sas342',25,'3 rounds'),(71,'WOD 100806','2010-08-11','sas342',32,'5 rounds'),(72,'WOD 100808','2010-08-13','sas342',20,'6 rounds'),(73,'WOD 100809','2010-08-14','sas342',11,'3 rounds'),(74,'WOD 100812','2010-08-16','sas342',24,'10 rounds'),(75,'WOD 100813','2010-08-17','sas342',16,'5 rounds'),(76,'PRACTICE ROW','2010-08-18','sas342',19,'19:37'),(77,'WOD 100816','2010-08-20','sas342',22,'3 rounds'),(78,'WOD 100822','2010-08-22','sas342',15,'3 rounds'),(79,'WOD 100814','2010-08-23','sas342',0,'7 sets'),(80,'WOD 100829','2010-08-24','sas342',14,'3 rounds'),(81,'WOD 100821','2010-08-25','sas342',22,'5 rounds'),(82,'WOD 100824','2010-08-26','sas342',22,'5 rounds'),(83,'100827','2010-08-27','sas342',27,'10 rounds'),(84,'WOD 100828','2010-08-29','sas342',9,'6 rounds'),(85,'WOD 100826','2010-08-30','sas342',14,'6 rounds'),(86,'WOD 100829','2010-08-30','sas342',0,'6 rounds'),(87,'PRACTICE ROW','2010-09-01','sas342',0,'8 rounds'),(88,'WOD 100901','2010-09-03','sas342',20,'8 rounds'),(89,'WOD 100822','2010-09-10','sas342',14,''),(90,'WOD 100909','2010-09-12','sas342',9,'3 rounds'),(91,'WOD 100907','2010-09-13','sas342',24,'5 rounds'),(92,'WOD 100910','2010-09-14','sas342',36,'3 rounds'),(93,'WOD 100905','2010-09-15','sas342',30,'1 round'),(94,'WOD 100911','2010-09-17','sas342',41,'6 rounds of 7 rnds'),(95,'WOD 100915','2010-09-19','sas342',24,'5 rounds'),(96,'WOD 100906','2010-09-20','sas342',0,'8 sets'),(97,'WOD 100913','2010-09-22','sas342',17,'3 rounds'),(98,'WOD 100921','2010-09-23','sas342',25,'3 rounds'),(99,'WOD 100918','2010-09-24','sas342',0,'4 rounds (1:42.9 avg)'),(100,'WOD 100922','2010-09-25','sas342',21,''),(101,'WOD 100919','2010-09-27','sas342',0,'5 rounds'),(102,'WOD 100925','2010-09-28','sas342',17,'3 rounds (score 317)'),(103,'WOD 100927','2010-09-29','sas342',12,'10 rounds'),(104,'WOD 100923','2010-09-30','sas342',0,'6 rounds'),(105,'WOD 10930','2010-10-01','sas342',22,'5 rounds'),(106,'WOD 100929','2010-10-03','sas342',20,'8 rounds completed'),(107,'ROW','2010-10-04','sas342',19,'18:59.2'),(108,'WOD 101004','2010-10-05','sas342',27,'4 rounds'),(109,'WOD 101007','2010-10-06','sas342',13,'3 rounds'),(110,'WOD 101008','2010-10-07','sas342',0,'8 rounds'),(111,'WOD 100101','2010-10-08','sas342',12,'4 rounds'),(112,'PRACTICE SNATCH','2010-10-11','sas342',20,'3 rounds'),(113,'WOD 101013','2010-10-12','sas342',13,'5 rounds'),(114,'WOD 101015','2010-10-15','sas342',11,'3 rounds'),(115,'WOD 101016','2010-10-17','sas342',0,'crossfit total'),(116,'WOD 101017','2010-10-18','sas342',36,'3 rounds'),(117,'WOD 101019','2010-10-19','sas342',35,'10 rounds'),(118,'WOD 101020','2010-10-20','sas342',14,'1 rounds'),(119,'WOD 101021','2010-10-22','sas342',15,'14:53 exact, Not including Break'),(120,'WOD 101023','2010-10-23','sas342',7,'9 rounds'),(121,'WOD 101024','2010-10-25','sas342',10,'10:15'),(122,'WOD 101025','2010-10-26','sas342',13,'13:30 10 rounds'),(123,'WOD 101027','2010-10-27','sas342',20,'5 rounds + 10 snatch'),(124,'WOD 101028','2010-10-29','sas342',19,'19:16 exact 5k'),(125,'WOD 101029','2010-11-01','sas342',20,'13 rounds'),(127,'WOD 101031','2010-11-04','sas342',16,'16:30'),(129,'WOD 101102','2010-11-05','sas342',27,'27:20 5 rnds'),(130,'WOD 101104','2010-11-06','sas342',0,'15 rounds'),(131,'WOD 101108','2010-11-07','sas342',12,'3 rounds'),(132,'WOD 101105','2010-11-08','sas342',34,'33:40'),(133,'WOD 101109','2010-11-10','sas342',0,'5 sets'),(134,'practice 101110','2010-11-10','sas342',23,'23:20, 4 rounds'),(135,'WOD 101112','2010-11-12','sas342',21,'21:10, 5 rounds'),(136,'WOD 101114','2010-11-14','sas342',12,'4.5 rounds (5 deadlift)'),(137,'practic 101115','2010-11-15','sas342',8,'8:20, 3 sets'),(138,'WOD 101116','2010-11-16','sas342',0,'9 sets'),(139,'WOD 101118','2010-11-18','sas342',0,'7 sets'),(140,'WOD 101120','2010-11-20','sas342',20,'7 rounds'),(141,'PRACTICE ROW','2010-11-22','sas342',7,'7:13'),(142,'Practice 101121','2010-11-23','sas342',20,'4 rounds + 5 burpees'),(143,'ALT 101125','2010-11-25','sas342',20,'12 rounds'),(144,'WOD 101124','2010-11-26','sas342',7,'1 round'),(145,'WOD 101125','2010-11-27','sas342',10,'10:40, 3 rounds'),(146,'WOD 101202','2010-11-29','sas342',19,'5 rounds'),(147,'ALT 101126','2010-12-01','sas342',14,'14:20, 3 rounds'),(148,'WOD 101129','2010-12-02','sas342',14,'14:37'),(149,'Practice Cleans','2010-12-03','sas342',0,'7 sets'),(150,'Practice DEADLIFT','2010-12-04','sas342',0,'9 sets'),(151,'Practice OH Squats','2010-12-06','sas342',0,'5 sets'),(152,'WOD 101208','2010-12-07','sas342',11,'11:30 3 rnds'),(153,'WOD 101210','2010-12-09','sas342',22,''),(154,'WOD 101211','2010-12-10','sas342',0,'5 rounds'),(155,'WOD 101214','2010-12-13','sas342',10,'3 rounds'),(156,'WOD 101212','2010-12-14','sas342',31,'31:25 4 rounds'),(157,'WOD 101215','2010-12-15','sas342',0,''),(158,'WOD 101218','2010-12-16','sas342',20,'5 rounds + 2 exercises in 6'),(159,'WOD 101219','2010-12-23','sas342',17,'17:30'),(160,'WOD 101222','2010-12-24','sas342',6,'6:30'),(161,'WOD 101220','2010-12-25','sas342',0,'5 rounds'),(162,'WOD 101226','2010-12-27','sas342',45,'45:45 2 rounds'),(163,'WOD 101227','2010-12-29','sas342',0,''),(164,'WOD 101228','2010-12-30','sas342',10,'10:45 7 rounds'),(165,'WOD 101230','2010-12-31','sas342',20,'10 rounds'),(166,'WOD 110101','2011-01-02','sas342',20,'9 rounds + 10 P Press'),(167,'WOD 110103','2011-01-04','sas342',17,'3 rounds'),(168,'WOD 110104','2011-01-07','sas342',0,'7 sets'),(169,'WOD 110105','2011-01-09','sas342',4,'4:10'),(170,'WOD 110107','2011-01-10','sas342',20,'5 rounds + 100m Row'),(171,'WOD 110108','2011-01-11','sas342',20,'5 rounds'),(172,'WOD 110113','2011-01-12','sas342',9,'9:45 5 rounds'),(173,'WOD 110112','2011-01-13','sas342',15,'7.5 rounds'),(174,'110115','2011-01-15','sas342',0,'6 sets'),(175,'WOD 110115','2011-01-16','sas342',11,'11:30'),(176,'110117','2011-01-17','sas342',23,'5 rounds'),(177,'WOD 110119','2011-01-18','sas342',25,'5 rounds'),(178,'WOD 110123','2011-01-19','sas342',11,'3 rounds'),(179,'WOD 110120','2011-01-20','sas342',0,'7 sets'),(180,'WOD 110124','2011-01-22','sas342',8,'3 rounds (8:35 active time/ 1:47 avg)'),(181,'WOD 110125','2011-01-23','sas342',13,'3 rounds (13:30)'),(182,'WOD 110128','2011-01-24','sas342',0,'6 sets'),(183,'WOD 110129','2011-01-25','sas342',16,'16:30'),(184,'WOD 110131','2011-01-26','sas342',14,'14:30 4 rounds'),(185,'WOD 110201','2011-02-04','sas342',13,'13:40'),(186,'WOD 110202','2011-02-07','sas342',0,'7 sets'),(187,'WOD 110209','2011-02-09','sas342',19,'19:29'),(188,'Elizabeth','2011-02-10','sas342',18,'? rounds (3-5)'),(189,'WOD 110210','2011-02-11','sas342',22,'22:45 7 rounds'),(190,'WOD 110204','2011-02-12','sas342',0,'5 sets'),(191,'WOD 110213','2011-02-14','sas342',0,'5 sets'),(192,'WOD 110214','2011-02-15','sas342',0,'5 rounds'),(193,'WOD 110220','2011-02-16','sas342',16,'5 rounds'),(194,'WOD 110221','2011-02-18','sas342',20,'7 rounds'),(195,'WOD 110222','2011-02-23','sas342',0,'5 rounds'),(196,'WOD 110224','2011-02-24','sas342',23,'23:40'),(197,'WOD 110225','2011-02-28','sas342',0,'5 sets'),(198,'WOD 110226','2011-03-01','sas342',10,'3 rounds'),(199,'WOD 110301','2011-03-02','sas342',24,'24:45 3 rounds'),(200,'WOD 110228','2011-03-03','sas342',0,'6 sets'),(201,'WOD 110302','2011-03-04','sas342',20,'20:15 3 rounds'),(202,'WOD 110305','2011-03-05','sas342',0,'7 rounds'),(203,'WOD 110304','2011-03-06','sas342',20,'20:30 5 rounds'),(204,'WOD 110306','2011-03-07','sas342',18,'18:15 4 rounds'),(205,'WOD 110310','2011-03-08','sas342',0,'17 rounds'),(206,'110309','2011-03-09','sas342',0,'9 rounds'),(207,'WOD 110312','2011-03-12','sas342',22,''),(208,'WOD 110309','2011-03-09','sas342',12,'8 rounds?'),(209,'WOD 110314','2011-03-11','sas342',0,'7 sets'),(210,'WOD 110313','2011-03-14','sas342',5,'5:45 7 rounds'),(211,'WOD 110317','2011-03-15','sas342',0,''),(212,'WOD 110318','2011-03-16','sas342',20,'20:15 4 rounds'),(213,'WOD 110320','2011-03-18','sas342',14,'10 rounds'),(214,'WOD 110325','2011-03-23','sas342',12,'12:37 3 rounds'),(215,'WOD 110322','2011-03-24','sas342',19,'19:28'),(216,'WOD 110328','2011-03-28','sas342',10,'10:15'),(217,'WOD 110329','2011-03-29','sas342',0,'5 rounds'),(218,'WOD 110330','2011-03-30','sas342',15,'10 rounds + 9 deadlift'),(219,'WOD 110403','2011-04-03','sas342',12,'3 rounds'),(220,'WOD 110402','2011-04-02','sas342',17,'17:15 5 rounds'),(221,'WOD 110326','2011-03-26','sas342',33,''),(222,'WOD 110405','2011-04-05','sas342',22,'22:45 3 rounds'),(223,'WOD 110407','2011-04-07','sas342',15,'3 rounds'),(224,'WOD 110406','2011-04-06','sas342',5,'15 rounds'),(225,'WOD 110410','2011-04-10','sas342',21,''),(226,'WOD 110411','2011-04-11','sas342',0,'10 sets'),(227,'WOD 110413','2011-04-13','sas342',10,'81 reps 0rnds + 21 squats'),(228,'WOD 110415','2011-04-15','sas342',0,'5 rounds'),(229,'WOD 110417','2011-04-17','sas342',24,'4 rounds'),(230,'WOD 110418','2011-04-18','sas342',27,'3 rounds'),(231,'WOD 110422','2011-04-22','sas342',7,'7:20'),(232,'WOD 110419','2011-04-19','sas342',0,'7 sets'),(233,'WOD 110421','2011-04-21','sas342',20,'7 rounds + 5 clean'),(234,'WOD 110426','2011-04-26','sas342',0,'7 sets'),(235,'WOD 110427','2011-04-27','sas342',7,'4 rounds + 14 thruster'),(236,'WOD 110429','2011-04-29','sas342',20,'6 rounds');
/*!40000 ALTER TABLE `workout` ENABLE KEYS */;
UNLOCK TABLES;
/*!40103 SET TIME_ZONE=@OLD_TIME_ZONE */;

/*!40101 SET SQL_MODE=@OLD_SQL_MODE */;
/*!40014 SET FOREIGN_KEY_CHECKS=@OLD_FOREIGN_KEY_CHECKS */;
/*!40014 SET UNIQUE_CHECKS=@OLD_UNIQUE_CHECKS */;
/*!40101 SET CHARACTER_SET_CLIENT=@OLD_CHARACTER_SET_CLIENT */;
/*!40101 SET CHARACTER_SET_RESULTS=@OLD_CHARACTER_SET_RESULTS */;
/*!40101 SET COLLATION_CONNECTION=@OLD_COLLATION_CONNECTION */;
/*!40111 SET SQL_NOTES=@OLD_SQL_NOTES */;

-- Dump completed on 2012-05-05  9:04:50
